"V1","V2"
"a plus",1
"abound",2
"abounds",3
"abundance",4
"abundant",5
"accessable",6
"accessible",7
"acclaim",8
"acclaimed",9
"acclamation",10
"accolade",11
"accolades",12
"accommodative",13
"accomodative",14
"accomplish",15
"accomplished",16
"accomplishment",17
"accomplishments",18
"accurate",19
"accurately",20
"achievable",21
"achievement",22
"achievements",23
"achievible",24
"acumen",25
"adaptable",26
"adaptive",27
"adequate",28
"adjustable",29
"admirable",30
"admirably",31
"admiration",32
"admire",33
"admirer",34
"admiring",35
"admiringly",36
"adorable",37
"adore",38
"adored",39
"adorer",40
"adoring",41
"adoringly",42
"adroit",43
"adroitly",44
"adulate",45
"adulation",46
"adulatory",47
"advanced",48
"advantage",49
"advantageous",50
"advantageously",51
"advantages",52
"adventuresome",53
"adventurous",54
"advocate",55
"advocated",56
"advocates",57
"affability",58
"affable",59
"affably",60
"affectation",61
"affection",62
"affectionate",63
"affinity",64
"affirm",65
"affirmation",66
"affirmative",67
"affluence",68
"affluent",69
"afford",70
"affordable",71
"affordably",72
"afordable",73
"agile",74
"agilely",75
"agility",76
"agreeable",77
"agreeableness",78
"agreeably",79
"all around",80
"alluring",81
"alluringly",82
"altruistic",83
"altruistically",84
"amaze",85
"amazed",86
"amazement",87
"amazes",88
"amazing",89
"amazingly",90
"ambitious",91
"ambitiously",92
"ameliorate",93
"amenable",94
"amenity",95
"amiability",96
"amiabily",97
"amiable",98
"amicability",99
"amicable",100
"amicably",101
"amity",102
"ample",103
"amply",104
"amuse",105
"amusing",106
"amusingly",107
"angel",108
"angelic",109
"apotheosis",110
"appeal",111
"appealing",112
"applaud",113
"appreciable",114
"appreciate",115
"appreciated",116
"appreciates",117
"appreciative",118
"appreciatively",119
"appropriate",120
"approval",121
"approve",122
"ardent",123
"ardently",124
"ardor",125
"articulate",126
"aspiration",127
"aspirations",128
"aspire",129
"assurance",130
"assurances",131
"assure",132
"assuredly",133
"assuring",134
"astonish",135
"astonished",136
"astonishing",137
"astonishingly",138
"astonishment",139
"astound",140
"astounded",141
"astounding",142
"astoundingly",143
"astutely",144
"attentive",145
"attraction",146
"attractive",147
"attractively",148
"attune",149
"audible",150
"audibly",151
"auspicious",152
"authentic",153
"authoritative",154
"autonomous",155
"available",156
"aver",157
"avid",158
"avidly",159
"award",160
"awarded",161
"awards",162
"awe",163
"awed",164
"awesome",165
"awesomely",166
"awesomeness",167
"awestruck",168
"awsome",169
"backbone",170
"balanced",171
"bargain",172
"beauteous",173
"beautiful",174
"beautifullly",175
"beautifully",176
"beautify",177
"beauty",178
"beckon",179
"beckoned",180
"beckoning",181
"beckons",182
"believable",183
"believeable",184
"beloved",185
"benefactor",186
"beneficent",187
"beneficial",188
"beneficially",189
"beneficiary",190
"benefit",191
"benefits",192
"benevolence",193
"benevolent",194
"benifits",195
"best",196
"best known",197
"best performing",198
"best selling",199
"better",200
"better known",201
"better than expected",202
"beutifully",203
"blameless",204
"bless",205
"blessing",206
"bliss",207
"blissful",208
"blissfully",209
"blithe",210
"blockbuster",211
"bloom",212
"blossom",213
"bolster",214
"bonny",215
"bonus",216
"bonuses",217
"boom",218
"booming",219
"boost",220
"boundless",221
"bountiful",222
"brainiest",223
"brainy",224
"brand new",225
"brave",226
"bravery",227
"bravo",228
"breakthrough",229
"breakthroughs",230
"breathlessness",231
"breathtaking",232
"breathtakingly",233
"breeze",234
"bright",235
"brighten",236
"brighter",237
"brightest",238
"brilliance",239
"brilliances",240
"brilliant",241
"brilliantly",242
"brisk",243
"brotherly",244
"bullish",245
"buoyant",246
"cajole",247
"calm",248
"calming",249
"calmness",250
"capability",251
"capable",252
"capably",253
"captivate",254
"captivating",255
"carefree",256
"cashback",257
"cashbacks",258
"catchy",259
"celebrate",260
"celebrated",261
"celebration",262
"celebratory",263
"champ",264
"champion",265
"charisma",266
"charismatic",267
"charitable",268
"charm",269
"charming",270
"charmingly",271
"chaste",272
"cheaper",273
"cheapest",274
"cheer",275
"cheerful",276
"cheery",277
"cherish",278
"cherished",279
"cherub",280
"chic",281
"chivalrous",282
"chivalry",283
"civility",284
"civilize",285
"clarity",286
"classic",287
"classy",288
"clean",289
"cleaner",290
"cleanest",291
"cleanliness",292
"cleanly",293
"clear",294
"clear cut",295
"cleared",296
"clearer",297
"clearly",298
"clears",299
"clever",300
"cleverly",301
"cohere",302
"coherence",303
"coherent",304
"cohesive",305
"colorful",306
"comely",307
"comfort",308
"comfortable",309
"comfortably",310
"comforting",311
"comfy",312
"commend",313
"commendable",314
"commendably",315
"commitment",316
"commodious",317
"compact",318
"compactly",319
"compassion",320
"compassionate",321
"compatible",322
"competitive",323
"complement",324
"complementary",325
"complemented",326
"complements",327
"compliant",328
"compliment",329
"complimentary",330
"comprehensive",331
"conciliate",332
"conciliatory",333
"concise",334
"confidence",335
"confident",336
"congenial",337
"congratulate",338
"congratulation",339
"congratulations",340
"congratulatory",341
"conscientious",342
"considerate",343
"consistent",344
"consistently",345
"constructive",346
"consummate",347
"contentment",348
"continuity",349
"contrasty",350
"contribution",351
"convenience",352
"convenient",353
"conveniently",354
"convience",355
"convienient",356
"convient",357
"convincing",358
"convincingly",359
"cool",360
"coolest",361
"cooperative",362
"cooperatively",363
"cornerstone",364
"correct",365
"correctly",366
"cost effective",367
"cost saving",368
"counter attack",369
"counter attacks",370
"courage",371
"courageous",372
"courageously",373
"courageousness",374
"courteous",375
"courtly",376
"covenant",377
"cozy",378
"creative",379
"credence",380
"credible",381
"crisp",382
"crisper",383
"cure",384
"cure all",385
"cushy",386
"cute",387
"cuteness",388
"danke",389
"danken",390
"daring",391
"daringly",392
"darling",393
"dashing",394
"dauntless",395
"dawn",396
"dazzle",397
"dazzled",398
"dazzling",399
"dead cheap",400
"dead on",401
"decency",402
"decent",403
"decisive",404
"decisiveness",405
"dedicated",406
"defeat",407
"defeated",408
"defeating",409
"defeats",410
"defender",411
"deference",412
"deft",413
"deginified",414
"delectable",415
"delicacy",416
"delicate",417
"delicious",418
"delight",419
"delighted",420
"delightful",421
"delightfully",422
"delightfulness",423
"dependable",424
"dependably",425
"deservedly",426
"deserving",427
"desirable",428
"desiring",429
"desirous",430
"destiny",431
"detachable",432
"devout",433
"dexterous",434
"dexterously",435
"dextrous",436
"dignified",437
"dignify",438
"dignity",439
"diligence",440
"diligent",441
"diligently",442
"diplomatic",443
"dirt cheap",444
"distinction",445
"distinctive",446
"distinguished",447
"diversified",448
"divine",449
"divinely",450
"dominate",451
"dominated",452
"dominates",453
"dote",454
"dotingly",455
"doubtless",456
"dreamland",457
"dumbfounded",458
"dumbfounding",459
"dummy proof",460
"durable",461
"dynamic",462
"eager",463
"eagerly",464
"eagerness",465
"earnest",466
"earnestly",467
"earnestness",468
"ease",469
"eased",470
"eases",471
"easier",472
"easiest",473
"easiness",474
"easing",475
"easy",476
"easy to use",477
"easygoing",478
"ebullience",479
"ebullient",480
"ebulliently",481
"ecenomical",482
"economical",483
"ecstasies",484
"ecstasy",485
"ecstatic",486
"ecstatically",487
"edify",488
"educated",489
"effective",490
"effectively",491
"effectiveness",492
"effectual",493
"efficacious",494
"efficient",495
"efficiently",496
"effortless",497
"effortlessly",498
"effusion",499
"effusive",500
"effusively",501
"effusiveness",502
"elan",503
"elate",504
"elated",505
"elatedly",506
"elation",507
"electrify",508
"elegance",509
"elegant",510
"elegantly",511
"elevate",512
"elite",513
"eloquence",514
"eloquent",515
"eloquently",516
"embolden",517
"eminence",518
"eminent",519
"empathize",520
"empathy",521
"empower",522
"empowerment",523
"enchant",524
"enchanted",525
"enchanting",526
"enchantingly",527
"encourage",528
"encouragement",529
"encouraging",530
"encouragingly",531
"endear",532
"endearing",533
"endorse",534
"endorsed",535
"endorsement",536
"endorses",537
"endorsing",538
"energetic",539
"energize",540
"energy efficient",541
"energy saving",542
"engaging",543
"engrossing",544
"enhance",545
"enhanced",546
"enhancement",547
"enhances",548
"enjoy",549
"enjoyable",550
"enjoyably",551
"enjoyed",552
"enjoying",553
"enjoyment",554
"enjoys",555
"enlighten",556
"enlightenment",557
"enliven",558
"ennoble",559
"enough",560
"enrapt",561
"enrapture",562
"enraptured",563
"enrich",564
"enrichment",565
"enterprising",566
"entertain",567
"entertaining",568
"entertains",569
"enthral",570
"enthrall",571
"enthralled",572
"enthuse",573
"enthusiasm",574
"enthusiast",575
"enthusiastic",576
"enthusiastically",577
"entice",578
"enticed",579
"enticing",580
"enticingly",581
"entranced",582
"entrancing",583
"entrust",584
"enviable",585
"enviably",586
"envy",587
"equitable",588
"ergonomical",589
"err free",590
"erudite",591
"ethical",592
"eulogize",593
"euphoria",594
"euphoric",595
"euphorically",596
"evaluative",597
"evenly",598
"eventful",599
"everlasting",600
"evocative",601
"exalt",602
"exaltation",603
"exalted",604
"exaltedly",605
"exalting",606
"exaltingly",607
"examplar",608
"examplary",609
"excallent",610
"exceed",611
"exceeded",612
"exceeding",613
"exceedingly",614
"exceeds",615
"excel",616
"exceled",617
"excelent",618
"excellant",619
"excelled",620
"excellence",621
"excellency",622
"excellent",623
"excellently",624
"excels",625
"exceptional",626
"exceptionally",627
"excite",628
"excited",629
"excitedly",630
"excitedness",631
"excitement",632
"excites",633
"exciting",634
"excitingly",635
"exellent",636
"exemplar",637
"exemplary",638
"exhilarate",639
"exhilarating",640
"exhilaratingly",641
"exhilaration",642
"exonerate",643
"expansive",644
"expeditiously",645
"expertly",646
"exquisite",647
"exquisitely",648
"extol",649
"extoll",650
"extraordinarily",651
"extraordinary",652
"exuberance",653
"exuberant",654
"exuberantly",655
"exult",656
"exultant",657
"exultation",658
"exultingly",659
"eye catch",660
"eye catching",661
"eyecatch",662
"eyecatching",663
"fabulous",664
"fabulously",665
"facilitate",666
"fair",667
"fairly",668
"fairness",669
"faith",670
"faithful",671
"faithfully",672
"faithfulness",673
"fame",674
"famed",675
"famous",676
"famously",677
"fancier",678
"fancinating",679
"fancy",680
"fanfare",681
"fans",682
"fantastic",683
"fantastically",684
"fascinate",685
"fascinating",686
"fascinatingly",687
"fascination",688
"fashionable",689
"fashionably",690
"fast",691
"fast growing",692
"fast paced",693
"faster",694
"fastest",695
"fastest growing",696
"faultless",697
"fav",698
"fave",699
"favor",700
"favorable",701
"favored",702
"favorite",703
"favorited",704
"favour",705
"fearless",706
"fearlessly",707
"feasible",708
"feasibly",709
"feat",710
"feature rich",711
"fecilitous",712
"feisty",713
"felicitate",714
"felicitous",715
"felicity",716
"fertile",717
"fervent",718
"fervently",719
"fervid",720
"fervidly",721
"fervor",722
"festive",723
"fidelity",724
"fiery",725
"fine",726
"fine looking",727
"finely",728
"finer",729
"finest",730
"firmer",731
"first class",732
"first in class",733
"first rate",734
"flashy",735
"flatter",736
"flattering",737
"flatteringly",738
"flawless",739
"flawlessly",740
"flexibility",741
"flexible",742
"flourish",743
"flourishing",744
"fluent",745
"flutter",746
"fond",747
"fondly",748
"fondness",749
"foolproof",750
"foremost",751
"foresight",752
"formidable",753
"fortitude",754
"fortuitous",755
"fortuitously",756
"fortunate",757
"fortunately",758
"fortune",759
"fragrant",760
"free",761
"freed",762
"freedom",763
"freedoms",764
"fresh",765
"fresher",766
"freshest",767
"friendliness",768
"friendly",769
"frolic",770
"frugal",771
"fruitful",772
"ftw",773
"fulfillment",774
"fun",775
"futurestic",776
"futuristic",777
"gaiety",778
"gaily",779
"gain",780
"gained",781
"gainful",782
"gainfully",783
"gaining",784
"gains",785
"gallant",786
"gallantly",787
"galore",788
"geekier",789
"geeky",790
"gem",791
"gems",792
"generosity",793
"generous",794
"generously",795
"genial",796
"genius",797
"gentle",798
"gentlest",799
"genuine",800
"gifted",801
"glad",802
"gladden",803
"gladly",804
"gladness",805
"glamorous",806
"glee",807
"gleeful",808
"gleefully",809
"glimmer",810
"glimmering",811
"glisten",812
"glistening",813
"glitter",814
"glitz",815
"glorify",816
"glorious",817
"gloriously",818
"glory",819
"glow",820
"glowing",821
"glowingly",822
"god given",823
"god send",824
"godlike",825
"godsend",826
"gold",827
"golden",828
"good",829
"goodly",830
"goodness",831
"goodwill",832
"goood",833
"gooood",834
"gorgeous",835
"gorgeously",836
"grace",837
"graceful",838
"gracefully",839
"gracious",840
"graciously",841
"graciousness",842
"grand",843
"grandeur",844
"grateful",845
"gratefully",846
"gratification",847
"gratified",848
"gratifies",849
"gratify",850
"gratifying",851
"gratifyingly",852
"gratitude",853
"great",854
"greatest",855
"greatness",856
"grin",857
"groundbreaking",858
"guarantee",859
"guidance",860
"guiltless",861
"gumption",862
"gush",863
"gusto",864
"gutsy",865
"hail",866
"halcyon",867
"hale",868
"hallmark",869
"hallmarks",870
"hallowed",871
"handier",872
"handily",873
"hands down",874
"handsome",875
"handsomely",876
"handy",877
"happier",878
"happily",879
"happiness",880
"happy",881
"hard working",882
"hardier",883
"hardy",884
"harmless",885
"harmonious",886
"harmoniously",887
"harmonize",888
"harmony",889
"headway",890
"heal",891
"healthful",892
"healthy",893
"hearten",894
"heartening",895
"heartfelt",896
"heartily",897
"heartwarming",898
"heaven",899
"heavenly",900
"helped",901
"helpful",902
"helping",903
"hero",904
"heroic",905
"heroically",906
"heroine",907
"heroize",908
"heros",909
"high quality",910
"high spirited",911
"hilarious",912
"holy",913
"homage",914
"honest",915
"honesty",916
"honor",917
"honorable",918
"honored",919
"honoring",920
"hooray",921
"hopeful",922
"hospitable",923
"hot",924
"hotcake",925
"hotcakes",926
"hottest",927
"hug",928
"humane",929
"humble",930
"humility",931
"humor",932
"humorous",933
"humorously",934
"humour",935
"humourous",936
"ideal",937
"idealize",938
"ideally",939
"idol",940
"idolize",941
"idolized",942
"idyllic",943
"illuminate",944
"illuminati",945
"illuminating",946
"illumine",947
"illustrious",948
"ilu",949
"imaculate",950
"imaginative",951
"immaculate",952
"immaculately",953
"immense",954
"impartial",955
"impartiality",956
"impartially",957
"impassioned",958
"impeccable",959
"impeccably",960
"important",961
"impress",962
"impressed",963
"impresses",964
"impressive",965
"impressively",966
"impressiveness",967
"improve",968
"improved",969
"improvement",970
"improvements",971
"improves",972
"improving",973
"incredible",974
"incredibly",975
"indebted",976
"individualized",977
"indulgence",978
"indulgent",979
"industrious",980
"inestimable",981
"inestimably",982
"inexpensive",983
"infallibility",984
"infallible",985
"infallibly",986
"influential",987
"ingenious",988
"ingeniously",989
"ingenuity",990
"ingenuous",991
"ingenuously",992
"innocuous",993
"innovation",994
"innovative",995
"inpressed",996
"insightful",997
"insightfully",998
"inspiration",999
"inspirational",1000
"inspire",1001
"inspiring",1002
"instantly",1003
"instructive",1004
"instrumental",1005
"integral",1006
"integrated",1007
"intelligence",1008
"intelligent",1009
"intelligible",1010
"interesting",1011
"interests",1012
"intimacy",1013
"intimate",1014
"intricate",1015
"intrigue",1016
"intriguing",1017
"intriguingly",1018
"intuitive",1019
"invaluable",1020
"invaluablely",1021
"inventive",1022
"invigorate",1023
"invigorating",1024
"invincibility",1025
"invincible",1026
"inviolable",1027
"inviolate",1028
"invulnerable",1029
"irreplaceable",1030
"irreproachable",1031
"irresistible",1032
"irresistibly",1033
"issue free",1034
"jaw droping",1035
"jaw dropping",1036
"jollify",1037
"jolly",1038
"jovial",1039
"joy",1040
"joyful",1041
"joyfully",1042
"joyous",1043
"joyously",1044
"jubilant",1045
"jubilantly",1046
"jubilate",1047
"jubilation",1048
"jubiliant",1049
"judicious",1050
"justly",1051
"keen",1052
"keenly",1053
"keenness",1054
"kid friendly",1055
"kindliness",1056
"kindly",1057
"kindness",1058
"knowledgeable",1059
"kudos",1060
"large capacity",1061
"laud",1062
"laudable",1063
"laudably",1064
"lavish",1065
"lavishly",1066
"law abiding",1067
"lawful",1068
"lawfully",1069
"lead",1070
"leading",1071
"leads",1072
"lean",1073
"led",1074
"legendary",1075
"leverage",1076
"levity",1077
"liberate",1078
"liberation",1079
"liberty",1080
"lifesaver",1081
"light hearted",1082
"lighter",1083
"likable",1084
"like",1085
"liked",1086
"likes",1087
"liking",1088
"lionhearted",1089
"lively",1090
"logical",1091
"long lasting",1092
"lovable",1093
"lovably",1094
"love",1095
"loved",1096
"loveliness",1097
"lovely",1098
"lover",1099
"loves",1100
"loving",1101
"low cost",1102
"low price",1103
"low priced",1104
"low risk",1105
"lower priced",1106
"loyal",1107
"loyalty",1108
"lucid",1109
"lucidly",1110
"luck",1111
"luckier",1112
"luckiest",1113
"luckiness",1114
"lucky",1115
"lucrative",1116
"luminous",1117
"lush",1118
"luster",1119
"lustrous",1120
"luxuriant",1121
"luxuriate",1122
"luxurious",1123
"luxuriously",1124
"luxury",1125
"lyrical",1126
"magic",1127
"magical",1128
"magnanimous",1129
"magnanimously",1130
"magnificence",1131
"magnificent",1132
"magnificently",1133
"majestic",1134
"majesty",1135
"manageable",1136
"maneuverable",1137
"marvel",1138
"marveled",1139
"marvelled",1140
"marvellous",1141
"marvelous",1142
"marvelously",1143
"marvelousness",1144
"marvels",1145
"master",1146
"masterful",1147
"masterfully",1148
"masterpiece",1149
"masterpieces",1150
"masters",1151
"mastery",1152
"matchless",1153
"mature",1154
"maturely",1155
"maturity",1156
"meaningful",1157
"memorable",1158
"merciful",1159
"mercifully",1160
"mercy",1161
"merit",1162
"meritorious",1163
"merrily",1164
"merriment",1165
"merriness",1166
"merry",1167
"mesmerize",1168
"mesmerized",1169
"mesmerizes",1170
"mesmerizing",1171
"mesmerizingly",1172
"meticulous",1173
"meticulously",1174
"mightily",1175
"mighty",1176
"mind blowing",1177
"miracle",1178
"miracles",1179
"miraculous",1180
"miraculously",1181
"miraculousness",1182
"modern",1183
"modest",1184
"modesty",1185
"momentous",1186
"monumental",1187
"monumentally",1188
"morality",1189
"motivated",1190
"multi purpose",1191
"navigable",1192
"neat",1193
"neatest",1194
"neatly",1195
"nice",1196
"nicely",1197
"nicer",1198
"nicest",1199
"nifty",1200
"nimble",1201
"noble",1202
"nobly",1203
"noiseless",1204
"non violence",1205
"non violent",1206
"notably",1207
"noteworthy",1208
"nourish",1209
"nourishing",1210
"nourishment",1211
"novelty",1212
"nurturing",1213
"oasis",1214
"obsession",1215
"obsessions",1216
"obtainable",1217
"openly",1218
"openness",1219
"optimal",1220
"optimism",1221
"optimistic",1222
"opulent",1223
"orderly",1224
"originality",1225
"outdo",1226
"outdone",1227
"outperform",1228
"outperformed",1229
"outperforming",1230
"outperforms",1231
"outshine",1232
"outshone",1233
"outsmart",1234
"outstanding",1235
"outstandingly",1236
"outstrip",1237
"outwit",1238
"ovation",1239
"overjoyed",1240
"overtake",1241
"overtaken",1242
"overtakes",1243
"overtaking",1244
"overtook",1245
"overture",1246
"pain free",1247
"painless",1248
"painlessly",1249
"palatial",1250
"pamper",1251
"pampered",1252
"pamperedly",1253
"pamperedness",1254
"pampers",1255
"panoramic",1256
"paradise",1257
"paramount",1258
"pardon",1259
"passion",1260
"passionate",1261
"passionately",1262
"patience",1263
"patient",1264
"patiently",1265
"patriot",1266
"patriotic",1267
"peace",1268
"peaceable",1269
"peaceful",1270
"peacefully",1271
"peacekeepers",1272
"peach",1273
"peerless",1274
"pep",1275
"pepped",1276
"pepping",1277
"peppy",1278
"peps",1279
"perfect",1280
"perfection",1281
"perfectly",1282
"permissible",1283
"perseverance",1284
"persevere",1285
"personages",1286
"personalized",1287
"phenomenal",1288
"phenomenally",1289
"picturesque",1290
"piety",1291
"pinnacle",1292
"playful",1293
"playfully",1294
"pleasant",1295
"pleasantly",1296
"pleased",1297
"pleases",1298
"pleasing",1299
"pleasingly",1300
"pleasurable",1301
"pleasurably",1302
"pleasure",1303
"plentiful",1304
"pluses",1305
"plush",1306
"plusses",1307
"poetic",1308
"poeticize",1309
"poignant",1310
"poise",1311
"poised",1312
"polished",1313
"polite",1314
"politeness",1315
"popular",1316
"portable",1317
"posh",1318
"positive",1319
"positively",1320
"positives",1321
"powerful",1322
"powerfully",1323
"praise",1324
"praiseworthy",1325
"praising",1326
"pre eminent",1327
"precious",1328
"precise",1329
"precisely",1330
"preeminent",1331
"prefer",1332
"preferable",1333
"preferably",1334
"prefered",1335
"preferes",1336
"preferring",1337
"prefers",1338
"premier",1339
"prestige",1340
"prestigious",1341
"prettily",1342
"pretty",1343
"priceless",1344
"pride",1345
"principled",1346
"privilege",1347
"privileged",1348
"prize",1349
"proactive",1350
"problem free",1351
"problem solver",1352
"prodigious",1353
"prodigiously",1354
"prodigy",1355
"productive",1356
"productively",1357
"proficient",1358
"proficiently",1359
"profound",1360
"profoundly",1361
"profuse",1362
"profusion",1363
"progress",1364
"progressive",1365
"prolific",1366
"prominence",1367
"prominent",1368
"promise",1369
"promised",1370
"promises",1371
"promising",1372
"promoter",1373
"prompt",1374
"promptly",1375
"proper",1376
"properly",1377
"propitious",1378
"propitiously",1379
"pros",1380
"prosper",1381
"prosperity",1382
"prosperous",1383
"prospros",1384
"protect",1385
"protection",1386
"protective",1387
"proud",1388
"proven",1389
"proves",1390
"providence",1391
"proving",1392
"prowess",1393
"prudence",1394
"prudent",1395
"prudently",1396
"punctual",1397
"pure",1398
"purify",1399
"purposeful",1400
"quaint",1401
"qualified",1402
"qualify",1403
"quicker",1404
"quiet",1405
"quieter",1406
"radiance",1407
"radiant",1408
"rapid",1409
"rapport",1410
"rapt",1411
"rapture",1412
"raptureous",1413
"raptureously",1414
"rapturous",1415
"rapturously",1416
"rational",1417
"razor sharp",1418
"reachable",1419
"readable",1420
"readily",1421
"ready",1422
"reaffirm",1423
"reaffirmation",1424
"realistic",1425
"realizable",1426
"reasonable",1427
"reasonably",1428
"reasoned",1429
"reassurance",1430
"reassure",1431
"receptive",1432
"reclaim",1433
"recomend",1434
"recommend",1435
"recommendation",1436
"recommendations",1437
"recommended",1438
"reconcile",1439
"reconciliation",1440
"record setting",1441
"recover",1442
"recovery",1443
"rectification",1444
"rectify",1445
"rectifying",1446
"redeem",1447
"redeeming",1448
"redemption",1449
"refine",1450
"refined",1451
"refinement",1452
"reform",1453
"reformed",1454
"reforming",1455
"reforms",1456
"refresh",1457
"refreshed",1458
"refreshing",1459
"refund",1460
"refunded",1461
"regal",1462
"regally",1463
"regard",1464
"rejoice",1465
"rejoicing",1466
"rejoicingly",1467
"rejuvenate",1468
"rejuvenated",1469
"rejuvenating",1470
"relaxed",1471
"relent",1472
"reliable",1473
"reliably",1474
"relief",1475
"relish",1476
"remarkable",1477
"remarkably",1478
"remedy",1479
"remission",1480
"remunerate",1481
"renaissance",1482
"renewed",1483
"renown",1484
"renowned",1485
"replaceable",1486
"reputable",1487
"reputation",1488
"resilient",1489
"resolute",1490
"resound",1491
"resounding",1492
"resourceful",1493
"resourcefulness",1494
"respect",1495
"respectable",1496
"respectful",1497
"respectfully",1498
"respite",1499
"resplendent",1500
"responsibly",1501
"responsive",1502
"restful",1503
"restored",1504
"restructure",1505
"restructured",1506
"restructuring",1507
"retractable",1508
"revel",1509
"revelation",1510
"revere",1511
"reverence",1512
"reverent",1513
"reverently",1514
"revitalize",1515
"revival",1516
"revive",1517
"revives",1518
"revolutionary",1519
"revolutionize",1520
"revolutionized",1521
"revolutionizes",1522
"reward",1523
"rewarding",1524
"rewardingly",1525
"rich",1526
"richer",1527
"richly",1528
"richness",1529
"right",1530
"righten",1531
"righteous",1532
"righteously",1533
"righteousness",1534
"rightful",1535
"rightfully",1536
"rightly",1537
"rightness",1538
"risk free",1539
"robust",1540
"rock star",1541
"rock stars",1542
"rockstar",1543
"rockstars",1544
"romantic",1545
"romantically",1546
"romanticize",1547
"roomier",1548
"roomy",1549
"rosy",1550
"safe",1551
"safely",1552
"sagacity",1553
"sagely",1554
"saint",1555
"saintliness",1556
"saintly",1557
"salutary",1558
"salute",1559
"sane",1560
"satisfactorily",1561
"satisfactory",1562
"satisfied",1563
"satisfies",1564
"satisfy",1565
"satisfying",1566
"satisified",1567
"saver",1568
"savings",1569
"savior",1570
"savvy",1571
"scenic",1572
"seamless",1573
"seasoned",1574
"secure",1575
"securely",1576
"selective",1577
"self determination",1578
"self respect",1579
"self satisfaction",1580
"self sufficiency",1581
"self sufficient",1582
"sensation",1583
"sensational",1584
"sensationally",1585
"sensations",1586
"sensible",1587
"sensibly",1588
"sensitive",1589
"serene",1590
"serenity",1591
"sexy",1592
"sharp",1593
"sharper",1594
"sharpest",1595
"shimmering",1596
"shimmeringly",1597
"shine",1598
"shiny",1599
"significant",1600
"silent",1601
"simpler",1602
"simplest",1603
"simplified",1604
"simplifies",1605
"simplify",1606
"simplifying",1607
"sincere",1608
"sincerely",1609
"sincerity",1610
"skill",1611
"skilled",1612
"skillful",1613
"skillfully",1614
"slammin",1615
"sleek",1616
"slick",1617
"smart",1618
"smarter",1619
"smartest",1620
"smartly",1621
"smile",1622
"smiles",1623
"smiling",1624
"smilingly",1625
"smitten",1626
"smooth",1627
"smoother",1628
"smoothes",1629
"smoothest",1630
"smoothly",1631
"snappy",1632
"snazzy",1633
"sociable",1634
"soft",1635
"softer",1636
"solace",1637
"solicitous",1638
"solicitously",1639
"solid",1640
"solidarity",1641
"soothe",1642
"soothingly",1643
"sophisticated",1644
"soulful",1645
"soundly",1646
"soundness",1647
"spacious",1648
"sparkle",1649
"sparkling",1650
"spectacular",1651
"spectacularly",1652
"speedily",1653
"speedy",1654
"spellbind",1655
"spellbinding",1656
"spellbindingly",1657
"spellbound",1658
"spirited",1659
"spiritual",1660
"splendid",1661
"splendidly",1662
"splendor",1663
"spontaneous",1664
"sporty",1665
"spotless",1666
"sprightly",1667
"stability",1668
"stabilize",1669
"stable",1670
"stainless",1671
"standout",1672
"state of the art",1673
"stately",1674
"statuesque",1675
"staunch",1676
"staunchly",1677
"staunchness",1678
"steadfast",1679
"steadfastly",1680
"steadfastness",1681
"steadiest",1682
"steadiness",1683
"steady",1684
"stellar",1685
"stellarly",1686
"stimulate",1687
"stimulates",1688
"stimulating",1689
"stimulative",1690
"stirringly",1691
"straighten",1692
"straightforward",1693
"streamlined",1694
"striking",1695
"strikingly",1696
"striving",1697
"strong",1698
"stronger",1699
"strongest",1700
"stunned",1701
"stunning",1702
"stunningly",1703
"stupendous",1704
"stupendously",1705
"sturdier",1706
"sturdy",1707
"stylish",1708
"stylishly",1709
"stylized",1710
"suave",1711
"suavely",1712
"sublime",1713
"subsidize",1714
"subsidized",1715
"subsidizes",1716
"subsidizing",1717
"substantive",1718
"succeed",1719
"succeeded",1720
"succeeding",1721
"succeeds",1722
"succes",1723
"success",1724
"successes",1725
"successful",1726
"successfully",1727
"suffice",1728
"sufficed",1729
"suffices",1730
"sufficient",1731
"sufficiently",1732
"suitable",1733
"sumptuous",1734
"sumptuously",1735
"sumptuousness",1736
"super",1737
"superb",1738
"superbly",1739
"superior",1740
"superiority",1741
"supple",1742
"support",1743
"supported",1744
"supporter",1745
"supporting",1746
"supportive",1747
"supports",1748
"supremacy",1749
"supreme",1750
"supremely",1751
"supurb",1752
"supurbly",1753
"surmount",1754
"surpass",1755
"surreal",1756
"survival",1757
"survivor",1758
"sustainability",1759
"sustainable",1760
"swank",1761
"swankier",1762
"swankiest",1763
"swanky",1764
"sweeping",1765
"sweet",1766
"sweeten",1767
"sweetheart",1768
"sweetly",1769
"sweetness",1770
"swift",1771
"swiftness",1772
"talent",1773
"talented",1774
"talents",1775
"tantalize",1776
"tantalizing",1777
"tantalizingly",1778
"tempt",1779
"tempting",1780
"temptingly",1781
"tenacious",1782
"tenaciously",1783
"tenacity",1784
"tender",1785
"tenderly",1786
"terrific",1787
"terrifically",1788
"thank",1789
"thankful",1790
"thinner",1791
"thoughtful",1792
"thoughtfully",1793
"thoughtfulness",1794
"thrift",1795
"thrifty",1796
"thrill",1797
"thrilled",1798
"thrilling",1799
"thrillingly",1800
"thrills",1801
"thrive",1802
"thriving",1803
"thumb up",1804
"thumbs up",1805
"tickle",1806
"tidy",1807
"time honored",1808
"timely",1809
"tingle",1810
"titillate",1811
"titillating",1812
"titillatingly",1813
"togetherness",1814
"tolerable",1815
"toll free",1816
"top",1817
"top notch",1818
"top quality",1819
"topnotch",1820
"tops",1821
"tough",1822
"tougher",1823
"toughest",1824
"traction",1825
"tranquil",1826
"tranquility",1827
"transparent",1828
"treasure",1829
"tremendously",1830
"trendy",1831
"triumph",1832
"triumphal",1833
"triumphant",1834
"triumphantly",1835
"trivially",1836
"trophy",1837
"trouble free",1838
"trump",1839
"trumpet",1840
"trust",1841
"trusted",1842
"trusting",1843
"trustingly",1844
"trustworthiness",1845
"trustworthy",1846
"trusty",1847
"truthful",1848
"truthfully",1849
"truthfulness",1850
"twinkly",1851
"ultra crisp",1852
"unabashed",1853
"unabashedly",1854
"unaffected",1855
"unassailable",1856
"unbeatable",1857
"unbiased",1858
"unbound",1859
"uncomplicated",1860
"unconditional",1861
"undamaged",1862
"undaunted",1863
"understandable",1864
"undisputable",1865
"undisputably",1866
"undisputed",1867
"unencumbered",1868
"unequivocal",1869
"unequivocally",1870
"unfazed",1871
"unfettered",1872
"unforgettable",1873
"unity",1874
"unlimited",1875
"unmatched",1876
"unparalleled",1877
"unquestionable",1878
"unquestionably",1879
"unreal",1880
"unrestricted",1881
"unrivaled",1882
"unselfish",1883
"unwavering",1884
"upbeat",1885
"upgradable",1886
"upgradeable",1887
"upgraded",1888
"upheld",1889
"uphold",1890
"uplift",1891
"uplifting",1892
"upliftingly",1893
"upliftment",1894
"upscale",1895
"usable",1896
"useable",1897
"useful",1898
"user friendly",1899
"user replaceable",1900
"valiant",1901
"valiantly",1902
"valor",1903
"valuable",1904
"variety",1905
"venerate",1906
"verifiable",1907
"veritable",1908
"versatile",1909
"versatility",1910
"vibrant",1911
"vibrantly",1912
"victorious",1913
"victory",1914
"viewable",1915
"vigilance",1916
"vigilant",1917
"virtue",1918
"virtuous",1919
"virtuously",1920
"visionary",1921
"vivacious",1922
"vivid",1923
"vouch",1924
"vouchsafe",1925
"warm",1926
"warmer",1927
"warmhearted",1928
"warmly",1929
"warmth",1930
"wealthy",1931
"welcome",1932
"well",1933
"well backlit",1934
"well balanced",1935
"well behaved",1936
"well being",1937
"well bred",1938
"well connected",1939
"well educated",1940
"well established",1941
"well informed",1942
"well intentioned",1943
"well known",1944
"well made",1945
"well managed",1946
"well mannered",1947
"well positioned",1948
"well received",1949
"well regarded",1950
"well rounded",1951
"well run",1952
"well wishers",1953
"wellbeing",1954
"whoa",1955
"wholeheartedly",1956
"wholesome",1957
"whooa",1958
"whoooa",1959
"wieldy",1960
"willing",1961
"willingly",1962
"willingness",1963
"win",1964
"windfall",1965
"winnable",1966
"winner",1967
"winners",1968
"winning",1969
"wins",1970
"wisdom",1971
"wise",1972
"wisely",1973
"witty",1974
"won",1975
"wonder",1976
"wonderful",1977
"wonderfully",1978
"wonderous",1979
"wonderously",1980
"wonders",1981
"wondrous",1982
"woo",1983
"work",1984
"workable",1985
"worked",1986
"works",1987
"world famous",1988
"worth",1989
"worth while",1990
"worthiness",1991
"worthwhile",1992
"worthy",1993
"wow",1994
"wowed",1995
"wowing",1996
"wows",1997
"yay",1998
"youthful",1999
"zeal",2000
"zenith",2001
"zest",2002
"zippy",2003
